<?xml version="1.0" encoding="UTF-8"?>
<project-private xmlns="http://www.netbeans.org/ns/project-private/1">
    <editor-bookmarks xmlns="http://www.netbeans.org/ns/editor-bookmarks/1"/>
    <editor-bookmarks xmlns="http://www.netbeans.org/ns/editor-bookmarks/2" lastBookmarkId="0"/>
    <open-files xmlns="http://www.netbeans.org/ns/projectui-open-files/2">
        <group>
            <file>file:/C:/Users/Jorge/Documents/ControlAutobuses/src/controlautobuses/Autobuses.java</file>
            <file>file:/C:/Users/Jorge/Documents/ControlAutobuses/src/controlautobuses/IUsuario.java</file>
            <file>file:/C:/Users/Jorge/Documents/ControlAutobuses/src/controlautobuses/Usuario.java</file>
            <file>file:/C:/Users/Jorge/Documents/ControlAutobuses/src/controlautobuses/Boletos.java</file>
            <file>file:/C:/Users/Jorge/Documents/ControlAutobuses/src/controlautobuses/IBoletos.java</file>
        </group>
    </open-files>
</project-private>
